scan_name,scan_value,k_1Mpc,k_hMpc,P_mine,P_tobias,mine_over_tobias_minus1_pct,abs_mine_over_tobias_minus1_pct,mine_h,tobias_h,mine_Omega_m,tobias_Omega_m,mine_z_eq,tobias_z_eq,mine_Neff,tobias_Neff
deg_ncdm_interacting,0.2,0.01,0.014854426619132504,23721.231140946955,23721.2780274428,-0.00019765585898001703,0.00019765585898001703,0.6731999999999999,0.6731999999999999,0.3146720675274221,0.3146720675274221,3073.5536738926767,nan,3.8486396442906856,3.8486396442906856
deg_ncdm_interacting,0.2,0.05,0.07427213309566252,7874.854123273364,7874.866942149152,-0.00016278212549014626,0.00016278212549014626,0.6731999999999999,0.6731999999999999,0.3146720675274221,0.3146720675274221,3073.5536738926767,nan,3.8486396442906856,3.8486396442906856
deg_ncdm_interacting,0.2,0.2,0.2970885323826501,764.9499212732032,764.9517583475936,-0.00024015558762746636,0.00024015558762746636,0.6731999999999999,0.6731999999999999,0.3146720675274221,0.3146720675274221,3073.5536738926767,nan,3.8486396442906856,3.8486396442906856
deg_ncdm_interacting,0.2,1.0,1.4854426619132504,21.101718152216993,21.04331740695779,0.2775263240571313,0.2775263240571313,0.6731999999999999,0.6731999999999999,0.3146720675274221,0.3146720675274221,3073.5536738926767,nan,3.8486396442906856,3.8486396442906856
deg_ncdm_interacting,0.6,0.01,0.014854426619132504,23598.811533116957,23598.86361481482,-0.0002206957873673865,0.0002206957873673865,0.6731999999999999,0.6731999999999999,0.3152405921562416,0.3152405921562416,3072.024038809433,nan,3.853918932872059,3.853918932872059
deg_ncdm_interacting,0.6,0.05,0.07427213309566252,7875.378864542715,7875.396461967568,-0.00022344811385632823,0.00022344811385632823,0.6731999999999999,0.6731999999999999,0.3152405921562416,0.3152405921562416,3072.024038809433,nan,3.853918932872059,3.853918932872059
deg_ncdm_interacting,0.6,0.2,0.2970885323826501,755.0772609560031,755.0790511794589,-0.0002370908652626902,0.0002370908652626902,0.6731999999999999,0.6731999999999999,0.3152405921562416,0.3152405921562416,3072.024038809433,nan,3.853918932872059,3.853918932872059
deg_ncdm_interacting,0.6,1.0,1.4854426619132504,20.642020821657812,20.58704174786809,0.26705669742674853,0.26705669742674853,0.6731999999999999,0.6731999999999999,0.3152405921562416,0.3152405921562416,3072.024038809433,nan,3.853918932872059,3.853918932872059
deg_ncdm_interacting,1.0,0.01,0.014854426619132504,23478.399706389442,23478.432422610724,-0.00013934585023633872,0.00013934585023633872,0.6731999999999999,0.6731999999999999,0.3158091167850612,0.3158091167850612,3070.4968101543,nan,3.8591982214534313,3.8591982214534313
deg_ncdm_interacting,1.0,0.05,0.07427213309566252,7878.266281267936,7878.275576356861,-0.00011798380031846634,0.00011798380031846634,0.6731999999999999,0.6731999999999999,0.3158091167850612,0.3158091167850612,3070.4968101543,nan,3.8591982214534313,3.8591982214534313
deg_ncdm_interacting,1.0,0.2,0.2970885323826501,745.729820009748,745.731896468761,-0.0002784457822979647,0.0002784457822979647,0.6731999999999999,0.6731999999999999,0.3158091167850612,0.3158091167850612,3070.4968101543,nan,3.8591982214534313,3.8591982214534313
deg_ncdm_interacting,1.0,1.0,1.4854426619132504,20.20267803569986,20.1510391834622,0.25625900365495724,0.25625900365495724,0.6731999999999999,0.6731999999999999,0.3158091167850612,0.3158091167850612,3070.4968101543,nan,3.8591982214534313,3.8591982214534313
deg_ncdm_interacting,1.4,0.01,0.014854426619132504,23359.975218775657,23360.02196533947,-0.00020011352679372152,0.00020011352679372152,0.6731999999999999,0.6731999999999999,0.31637764141388075,0.31637764141388075,3068.9719574028013,nan,3.864477510034803,3.864477510034803
deg_ncdm_interacting,1.4,0.05,0.07427213309566252,7883.631794565957,7883.644795732264,-0.00016491314163147308,0.00016491314163147308,0.6731999999999999,0.6731999999999999,0.31637764141388075,0.31637764141388075,3068.9719574028013,nan,3.864477510034803,3.864477510034803
deg_ncdm_interacting,1.4,0.2,0.2970885323826501,736.9101752966311,736.911015467854,-0.0001140125748255727,0.0001140125748255727,0.6731999999999999,0.6731999999999999,0.31637764141388075,0.31637764141388075,3068.9719574028013,nan,3.864477510034803,3.864477510034803
deg_ncdm_interacting,1.4,1.0,1.4854426619132504,19.78342163039622,19.735094241177542,0.24488045827437688,0.24488045827437688,0.6731999999999999,0.6731999999999999,0.31637764141388075,0.31637764141388075,3068.9719574028013,nan,3.864477510034803,3.864477510034803
deg_ncdm_interacting,1.8,0.01,0.014854426619132504,23243.547323383154,23243.582473955186,-0.00015122699812408769,0.00015122699812408769,0.6731999999999999,0.6731999999999999,0.31694616604270026,0.31694616604270026,3067.449444293779,nan,3.869756798616178,3.869756798616178
deg_ncdm_interacting,1.8,0.05,0.07427213309566252,7891.508213684069,7891.523255729108,-0.0001906101591786502,0.0001906101591786502,0.6731999999999999,0.6731999999999999,0.31694616604270026,0.31694616604270026,3067.449444293779,nan,3.869756798616178,3.869756798616178
deg_ncdm_interacting,1.8,0.2,0.2970885323826501,728.6207764312792,728.6228708007832,-0.00028744218552034795,0.00028744218552034795,0.6731999999999999,0.6731999999999999,0.31694616604270026,0.31694616604270026,3067.449444293779,nan,3.869756798616178,3.869756798616178
deg_ncdm_interacting,1.8,1.0,1.4854426619132504,19.38410191642108,19.28178056207771,0.5306634105390229,0.5306634105390229,0.6731999999999999,0.6731999999999999,0.31694616604270026,0.31694616604270026,3067.449444293779,nan,3.869756798616178,3.869756798616178
deg_ncdm_interacting,2.2,0.01,0.014854426619132504,23129.100879170026,23129.141752380325,-0.00017671736692870255,0.00017671736692870255,0.6731999999999999,0.6731999999999999,0.3175146906715198,0.3175146906715198,3065.9293287551213,nan,3.87503608719755,3.87503608719755
deg_ncdm_interacting,2.2,0.05,0.07427213309566252,7901.9504748031995,7901.964927288453,-0.00018289736016807723,0.00018289736016807723,0.6731999999999999,0.6731999999999999,0.3175146906715198,0.3175146906715198,3065.9293287551213,nan,3.87503608719755,3.87503608719755
deg_ncdm_interacting,2.2,0.2,0.2970885323826501,720.8630022273101,720.8654548871789,-0.0003402382306116891,0.0003402382306116891,0.6731999999999999,0.6731999999999999,0.3175146906715198,0.3175146906715198,3065.9293287551213,nan,3.87503608719755,3.87503608719755
deg_ncdm_interacting,2.2,1.0,1.4854426619132504,19.071320556530946,18.905707172031153,0.8759967717303807,0.8759967717303807,0.6731999999999999,0.6731999999999999,0.3175146906715198,0.3175146906715198,3065.9293287551213,nan,3.87503608719755,3.87503608719755
deg_ncdm_interacting,2.6,0.01,0.014854426619132504,23016.64689286821,23016.68745070831,-0.00017621058714389903,0.00017621058714389903,0.6731999999999999,0.6731999999999999,0.3180832153003393,0.3180832153003393,3064.411551371939,nan,3.8803153757789226,3.8803153757789217
deg_ncdm_interacting,2.6,0.05,0.07427213309566252,7915.042672910282,7915.060415144536,-0.00022415791318675105,0.00022415791318675105,0.6731999999999999,0.6731999999999999,0.3180832153003393,0.3180832153003393,3064.411551371939,nan,3.8803153757789226,3.8803153757789217
deg_ncdm_interacting,2.6,0.2,0.2970885323826501,713.6445798780836,713.6454745869117,-0.00012537161097059268,0.00012537161097059268,0.6731999999999999,0.6731999999999999,0.3180832153003393,0.3180832153003393,3064.411551371939,nan,3.8803153757789226,3.8803153757789217
deg_ncdm_interacting,2.6,1.0,1.4854426619132504,18.71229115453666,18.549254511983154,0.8789390562741195,0.8789390562741195,0.6731999999999999,0.6731999999999999,0.3180832153003393,0.3180832153003393,3064.411551371939,nan,3.8803153757789226,3.8803153757789217
deg_ncdm_interacting,3.0,0.01,0.014854426619132504,22906.168964589626,22906.21017920124,-0.00017992767590291336,0.00017992767590291336,0.6731999999999999,0.6731999999999999,0.3186517399291589,0.3186517399291589,3062.8961625418447,nan,3.8855946643602945,3.8855946643602945
deg_ncdm_interacting,3.0,0.05,0.07427213309566252,7930.816575280331,7930.832997574133,-0.00020706896497468819,0.00020706896497468819,0.6731999999999999,0.6731999999999999,0.3186517399291589,0.3186517399291589,3062.8961625418447,nan,3.8855946643602945,3.8855946643602945
deg_ncdm_interacting,3.0,0.2,0.2970885323826501,706.966705642226,706.967937722371,-0.00017427666506586448,0.00017427666506586448,0.6731999999999999,0.6731999999999999,0.3186517399291589,0.3186517399291589,3062.8961625418447,nan,3.8855946643602945,3.8855946643602945
deg_ncdm_interacting,3.0,1.0,1.4854426619132504,18.37280117007302,18.21234199661797,0.881046344752634,0.881046344752634,0.6731999999999999,0.6731999999999999,0.3186517399291589,0.3186517399291589,3062.8961625418447,nan,3.8855946643602945,3.8855946643602945
deg_ncdm_interacting,3.5,0.01,0.014854426619132504,22183.264581958243,22183.283002898857,-8.303974038392781e-05,8.303974038392781e-05,0.6731999999999999,0.6731999999999999,0.31936239571518327,0.31936239571518327,2902.3134953691515,nan,4.346193775087013,4.346193775087013
deg_ncdm_interacting,3.5,0.05,0.07427213309566252,7476.368782616065,7476.36813974905,8.598653833402636e-06,8.598653833402636e-06,0.6731999999999999,0.6731999999999999,0.31936239571518327,0.31936239571518327,2902.3134953691515,nan,4.346193775087013,4.346193775087013
deg_ncdm_interacting,3.5,0.2,0.2970885323826501,654.7744818325683,654.7773156013114,-0.0004327835854467388,0.0004327835854467388,0.6731999999999999,0.6731999999999999,0.31936239571518327,0.31936239571518327,2902.3134953691515,nan,4.346193775087013,4.346193775087013
deg_ncdm_interacting,3.5,1.0,1.4854426619132504,16.629491178047967,16.613847515958025,0.09416038082037392,0.09416038082037392,0.6731999999999999,0.6731999999999999,0.31936239571518327,0.31936239571518327,2902.3134953691515,nan,4.346193775087013,4.346193775087013
deg_ncdm_interacting,4.0,0.01,0.014854426619132504,21445.84746333008,21445.86909082338,-0.00010084689601175256,0.00010084689601175256,0.6731999999999999,0.6731999999999999,0.32007305150120763,0.32007305150120763,2744.155320805686,nan,4.852792885813727,4.852792885813727
deg_ncdm_interacting,4.0,0.05,0.07427213309566252,7013.914086908389,7013.922494369327,-0.0001198681756853226,0.0001198681756853226,0.6731999999999999,0.6731999999999999,0.32007305150120763,0.32007305150120763,2744.155320805686,nan,4.852792885813727,4.852792885813727
deg_ncdm_interacting,4.0,0.2,0.2970885323826501,603.7190931498867,603.716714252445,0.00039404200440351644,0.00039404200440351644,0.6731999999999999,0.6731999999999999,0.32007305150120763,0.32007305150120763,2744.155320805686,nan,4.852792885813727,4.852792885813727
deg_ncdm_interacting,4.0,1.0,1.4854426619132504,14.959213269981971,14.914350495907248,0.3008027341655506,0.3008027341655506,0.6731999999999999,0.6731999999999999,0.32007305150120763,0.32007305150120763,2744.155320805686,nan,4.852792885813727,4.852792885813727
f_idm_drmd,0.0,0.01,0.014854426619132504,23494.406510999506,24298.10435763184,-3.3076565760155607,3.3076565760155607,0.6731999999999999,0.6731999999999999,0.31580911678506124,0.3158091167850613,3070.4968101543,nan,3.8591982214534313,3.0591982214534306
f_idm_drmd,0.0,0.05,0.07427213309566252,8434.636093504458,9240.089949358819,-8.716948214451659,8.716948214451659,0.6731999999999999,0.6731999999999999,0.31580911678506124,0.3158091167850613,3070.4968101543,nan,3.8591982214534313,3.0591982214534306
f_idm_drmd,0.0,0.2,0.2970885323826501,785.2158805720168,891.3723706289479,-11.909331448318017,11.909331448318017,0.6731999999999999,0.6731999999999999,0.31580911678506124,0.3158091167850613,3070.4968101543,nan,3.8591982214534313,3.0591982214534306
f_idm_drmd,0.0,1.0,1.4854426619132504,22.34397440383378,26.117354224050086,-14.447787428412639,14.447787428412639,0.6731999999999999,0.6731999999999999,0.31580911678506124,0.3158091167850613,3070.4968101543,nan,3.8591982214534313,3.0591982214534306
f_idm_drmd,0.01,0.01,0.014854426619132504,23488.488965532968,23488.524519634502,-0.00015136796482906334,0.00015136796482906334,0.6731999999999999,0.6731999999999999,0.3158091167850612,0.3158091167850612,3070.4968101543,nan,3.8591982214534313,3.8591982214534313
f_idm_drmd,0.01,0.05,0.07427213309566252,8237.047079604477,8237.053651144588,-7.978022711352395e-05,7.978022711352395e-05,0.6731999999999999,0.6731999999999999,0.3158091167850612,0.3158091167850612,3070.4968101543,nan,3.8591982214534313,3.8591982214534313
f_idm_drmd,0.01,0.2,0.2970885323826501,770.5784210992915,770.5792667454731,-0.00010974162141241806,0.00010974162141241806,0.6731999999999999,0.6731999999999999,0.3158091167850612,0.3158091167850612,3070.4968101543,nan,3.8591982214534313,3.8591982214534313
f_idm_drmd,0.01,1.0,1.4854426619132504,21.63296321930755,21.53557103877365,0.45223867228108006,0.45223867228108006,0.6731999999999999,0.6731999999999999,0.3158091167850612,0.3158091167850612,3070.4968101543,nan,3.8591982214534313,3.8591982214534313
f_idm_drmd,0.03,0.01,0.014854426619132504,23478.399706389442,23478.432422610724,-0.00013934585023633872,0.00013934585023633872,0.6731999999999999,0.6731999999999999,0.3158091167850612,0.3158091167850612,3070.4968101543,nan,3.8591982214534313,3.8591982214534313
f_idm_drmd,0.03,0.05,0.07427213309566252,7878.266281267936,7878.275576356861,-0.00011798380031846634,0.00011798380031846634,0.6731999999999999,0.6731999999999999,0.3158091167850612,0.3158091167850612,3070.4968101543,nan,3.8591982214534313,3.8591982214534313
f_idm_drmd,0.03,0.2,0.2970885323826501,745.729820009748,745.731896468761,-0.0002784457822979647,0.0002784457822979647,0.6731999999999999,0.6731999999999999,0.3158091167850612,0.3158091167850612,3070.4968101543,nan,3.8591982214534313,3.8591982214534313
f_idm_drmd,0.03,1.0,1.4854426619132504,20.20267803569986,20.1510391834622,0.25625900365495724,0.25625900365495724,0.6731999999999999,0.6731999999999999,0.3158091167850612,0.3158091167850612,3070.4968101543,nan,3.8591982214534313,3.8591982214534313
f_idm_drmd,0.05,0.01,0.014854426619132504,23470.08224355046,23470.119746949982,-0.00015979210982175474,0.00015979210982175474,0.6731999999999999,0.6731999999999999,0.31580911678506124,0.31580911678506124,3070.4968101543,nan,3.8591982214534313,3.8591982214534313
f_idm_drmd,0.05,0.05,0.07427213309566252,7561.036765109853,7561.045756612668,-0.00011891877267355966,0.00011891877267355966,0.6731999999999999,0.6731999999999999,0.31580911678506124,0.31580911678506124,3070.4968101543,nan,3.8591982214534313,3.8591982214534313
f_idm_drmd,0.05,0.2,0.2970885323826501,720.1387750000865,720.140764156361,-0.0002762177026327528,0.0002762177026327528,0.6731999999999999,0.6731999999999999,0.31580911678506124,0.31580911678506124,3070.4968101543,nan,3.8591982214534313,3.8591982214534313
f_idm_drmd,0.05,1.0,1.4854426619132504,18.751419582494307,18.938716608136524,-0.9889636637878008,0.9889636637878008,0.6731999999999999,0.6731999999999999,0.31580911678506124,0.31580911678506124,3070.4968101543,nan,3.8591982214534313,3.8591982214534313
f_idm_drmd,0.08,0.01,0.014854426619132504,23460.005518875776,23460.044514798683,-0.0001662227148924167,0.0001662227148924167,0.6731999999999999,0.6731999999999999,0.3158091167850612,0.3158091167850612,3070.4968101543,nan,3.8591982214534313,3.8591982214534313
f_idm_drmd,0.08,0.05,0.07427213309566252,7148.520340958068,7148.576789111719,-0.0007896418450337173,0.0007896418450337173,0.6731999999999999,0.6731999999999999,0.3158091167850612,0.3158091167850612,3070.4968101543,nan,3.8591982214534313,3.8591982214534313
f_idm_drmd,0.08,0.2,0.2970885323826501,671.1861351425059,671.1871709933171,-0.00015433113979002044,0.00015433113979002044,0.6731999999999999,0.6731999999999999,0.3158091167850612,0.3158091167850612,3070.4968101543,nan,3.8591982214534313,3.8591982214534313
f_idm_drmd,0.08,1.0,1.4854426619132504,17.15631360137097,16.819586055485736,2.0019966292536218,2.0019966292536218,0.6731999999999999,0.6731999999999999,0.3158091167850612,0.3158091167850612,3070.4968101543,nan,3.8591982214534313,3.8591982214534313
f_idm_drmd,0.12,0.01,0.014854426619132504,23449.63832458038,23449.676768300622,-0.00016394136524988667,0.00016394136524988667,0.6731999999999999,0.6731999999999999,0.31580911678506124,0.31580911678506124,3070.4968101543,nan,3.8591982214534313,3.8591982214534313
f_idm_drmd,0.12,0.05,0.07427213309566252,6691.297365042778,6691.313457964677,-0.00024050467818392818,0.00024050467818392818,0.6731999999999999,0.6731999999999999,0.31580911678506124,0.31580911678506124,3070.4968101543,nan,3.8591982214534313,3.8591982214534313
f_idm_drmd,0.12,0.2,0.2970885323826501,583.3996787753626,583.3996860346941,-1.2443152841434824e-06,1.2443152841434824e-06,0.6731999999999999,0.6731999999999999,0.31580911678506124,0.31580911678506124,3070.4968101543,nan,3.8591982214534313,3.8591982214534313
f_idm_drmd,0.12,1.0,1.4854426619132504,14.603053004876598,14.937877714914356,-2.241447656941653,2.241447656941653,0.6731999999999999,0.6731999999999999,0.31580911678506124,0.31580911678506124,3070.4968101543,nan,3.8591982214534313,3.8591982214534313
f_idm_drmd,0.18,0.01,0.014854426619132504,23438.247307607242,23438.28598622161,-0.0001650232205108182,0.0001650232205108182,0.6731999999999999,0.6731999999999999,0.31580911678506124,0.31580911678506124,3070.4968101543,nan,3.8591982214534313,3.8591982214534313
f_idm_drmd,0.18,0.05,0.07427213309566252,6148.767735658824,6148.759186399418,0.00013904040061518685,0.00013904040061518685,0.6731999999999999,0.6731999999999999,0.31580911678506124,0.31580911678506124,3070.4968101543,nan,3.8591982214534313,3.8591982214534313
f_idm_drmd,0.18,0.2,0.2970885323826501,429.8988923816136,429.8987861904461,2.4701434586660298e-05,2.4701434586660298e-05,0.6731999999999999,0.6731999999999999,0.31580911678506124,0.31580911678506124,3070.4968101543,nan,3.8591982214534313,3.8591982214534313
f_idm_drmd,0.18,1.0,1.4854426619132504,11.979405167332752,11.534697601464377,3.8553898960638433,3.8553898960638433,0.6731999999999999,0.6731999999999999,0.31580911678506124,0.31580911678506124,3070.4968101543,nan,3.8591982214534313,3.8591982214534313
f_idm_drmd,0.24,0.01,0.014854426619132504,23429.909981596713,23429.95090651608,-0.00017466924931985872,0.00017466924931985872,0.6731999999999999,0.6731999999999999,0.31580911678506124,0.31580911678506124,3070.4968101543,nan,3.8591982214534313,3.8591982214534313
f_idm_drmd,0.24,0.05,0.07427213309566252,5726.4914216363395,5726.532494099785,-0.0007172309506309205,0.0007172309506309205,0.6731999999999999,0.6731999999999999,0.31580911678506124,0.31580911678506124,3070.4968101543,nan,3.8591982214534313,3.8591982214534313
f_idm_drmd,0.24,0.2,0.2970885323826501,292.16234029734863,292.1625466694484,-7.063605588220057e-05,7.063605588220057e-05,0.6731999999999999,0.6731999999999999,0.31580911678506124,0.31580911678506124,3070.4968101543,nan,3.8591982214534313,3.8591982214534313
f_idm_drmd,0.24,1.0,1.4854426619132504,9.211719630850856,8.420452806181165,9.396962881721137,9.396962881721137,0.6731999999999999,0.6731999999999999,0.31580911678506124,0.31580911678506124,3070.4968101543,nan,3.8591982214534313,3.8591982214534313
f_idm_drmd,0.3,0.01,0.014854426619132504,23423.48623511665,23423.530966504324,-0.00019096773983262594,0.00019096773983262594,0.6731999999999999,0.6731999999999999,0.3158091167850612,0.3158091167850612,3070.4968101543,nan,3.8591982214534313,3.8591982214534313
f_idm_drmd,0.3,0.05,0.07427213309566252,5387.862189745363,5387.817147003413,0.0008360109617910894,0.0008360109617910894,0.6731999999999999,0.6731999999999999,0.3158091167850612,0.3158091167850612,3070.4968101543,nan,3.8591982214534313,3.8591982214534313
f_idm_drmd,0.3,0.2,0.2970885323826501,191.35955338223638,191.35914815522247,0.00021176255111665654,0.00021176255111665654,0.6731999999999999,0.6731999999999999,0.3158091167850612,0.3158091167850612,3070.4968101543,nan,3.8591982214534313,3.8591982214534313
f_idm_drmd,0.3,1.0,1.4854426619132504,6.929198962915562,8.234105475638499,-15.847580730944555,15.847580730944555,0.6731999999999999,0.6731999999999999,0.3158091167850612,0.3158091167850612,3070.4968101543,nan,3.8591982214534313,3.8591982214534313
